,REGISTRO DE CORREÇÕES: PPC TÉCNICO INTEGRADO EM ADM,,,,,,,
,"Orientações básicas:
1 - Identifique a seção a qual você fará a revisão olhando os títulos na coluna A.
2 - Selecione o seu nome na lista suspensa REVISOR, na coluna E.
3 - Aponte os itens que precisam de atenção numerando-os em ordem 1, 2 (já existem).
4 - Inclua mais linhas para mais itens, se necessário. ",,,,,,,
DOCUMENTO PARA EDIÇÃO CONJUNTA DO TEXTO DAS SEÇÕES: ,,https://docs.google.com/document/d/12aX2UtLcIyeVOF9OHnnZI3r_vpSWP907pjI9H26KWiw/edit?usp=sharing&authuser=1,,,,,,
,,,,,,,,
N,SEÇÃO,ITEM,PÁG,REVISOR,DESCRIÇÃO DO PROBLEMA,SUGESTÃO DE CORREÇÃO,DEVOLUTIVA DE CORREÇÃO,STATUS
,I – DADOS DA INSTITUIÇÃO,,,,,,,
1,Subitem I.1,Dados Cadastrais do IFSC,p. 2,ANDRE LUIZ SILVA DE MORAES,Dados da Reitoria e CNPJ desatualizados ou sem padronização institucional no preâmbulo TeX.,Padronização dos dados da Reitoria e CNPJ conforme Lei nº 11.892/2008 no preâmbulo do documento.,,Concluído
2,Subitem I.2,Endereço e Registro Reitoria,p. 2,ANDRE LUIZ SILVA DE MORAES,Verificação da precisão do CEP e informações de contato da Reitoria em Florianópolis.,Ajuste da numeração e contato oficial do IFSC no preâmbulo do documento.,,Concluído
3,,,,,,,,
,II – DADOS DO CÂMPUS PROPONENTE,,,,,,,
1,Subitem II.1,Endereço do Câmpus Garopaba,p. 2,ANDRE LUIZ SILVA DE MORAES,Necessidade de validação dos dados de endereço e telefone oficial do Câmpus Garopaba.,Inserção do endereço completo (Campo D'Una) e telefone institucional (48 3254-7336) no documento base.,,Concluído
2,Subitem II.2,Identificação do Câmpus,p. 2,ANDRE LUIZ SILVA DE MORAES,Alinhamento do nome do Câmpus Garopaba nos cabeçalhos e rodapés institucionais.,Aplicação do layout padrão de marca com a classe ifsc-ppc.cls.,,Concluído
3,,,,,,,,
4,,,,,,,,
,III – DADOS DOS RESPONSÁVEIS PELO PPC,,,,,,,
1,Subitem III.1,Equipe Elaboradora e DEPE,p. 2,ANDRE LUIZ SILVA DE MORAES,Preenchimento dos nomes do Chefe do DEPE e da Coordenadora Proponente do PPC.,Atualização dos registros (Prof. João Eduardo Navachi / Profa. Fabiana de Agapito) e Portaria da Comissão.,,Concluído
1,Subitem III 4 e 5,Coordenador do curso e equipe elaboradora,p.4,JACQUELINE NARCISO BASTOS,"Conferir se está correto, hoje a professora Fabiana não é a coordenadora do curso. E ao invés de estar escrito que foi uma comissão que elaborou, sempre registramos os pnome dos participantes da comissão.","Colocar o nome dos participantes desta comissão, assim como fizemos nos demais PPCs.",,
2,Subitem III.2,Aprovação do Câmpus,p. 2,ANDRE LUIZ SILVA DE MORAES,Indicação do status da apreciação do documento pelo Colegiado de Câmpus.,Registro da minuta em fase de apreciação final pelo Colegiado de Câmpus.,,Em Andamento
,IV – DADOS DO CURSO,,,,,,,
1,Subitem IV.1,Carga Horária Mínima do CNCT,p. 3,ANDRE LUIZ SILVA DE MORAES,Verificação do alinhamento da carga horária técnica (1.000h) com o Catálogo Nacional de Cursos Técnicos (CNCT 4ª Ed.).,Validação da matriz garantindo o cumprimento exato de 1.000h específicas para a habilitação em Administração.,,Concluído
2,Subitem IV.2,Perfil Profissional de Conclusão,p. 4,FABIANA DE AGAPITO KANGERSKI,Necessidade de detalhar os conhecimentos e atitudes esperadas do egresso técnico em Administração.,Redação das competências profissionais e gerais no Capítulo de Dados do Curso.,,Concluído
3,Subitem IV.7.1,Nome do curso,p. 5,JACQUELINE NARCISO BASTOS,"O nome do curso está errado neste item e na ""capa"" deste PPC.",Nome correto: Técnico em Administração Integrado ao Ensino Médio,,
7,Subitem IV 7.6 e 7.7,CH total e CH presencial,p.5,JACQUELINE NARCISO BASTOS,"CH total está errada, está 3080h, mas são 3.120h.",Substituir por 3.120 horas.,,
8,"Suitens IV. 8.5, 8.7, 8.8, 8.9 e 8.10",Dados da oferta,p.6,JACQUELINE NARCISO BASTOS,"8.5 - É isso mesmo, Fabi? Acho que está errado, deveria ser ""Integral – com atividade em mais de dois dias no contraturno (manhã e tarde)"". 8.7- não são 10 semestres, são 12 semestres a integralização.  8.8 - não é matrícula por ano letivo, é matrícula seriada. 8.9 - não é exame de seleção, é exame de classificação. 8.10 - não é 2026/1, é 2027/1.","8.5 - Substituir por ""Integral – com atividade em mais de dois dias no contraturno (manhã e tarde)"". 8.7 - Substituir por  12 semestres    - 8.8 - Substituir por matrícula seriada.   8.9 - Substituir por Exame de Classificação. 8.10 Substituir por 2027/1",,
9,Subitem IV.9,Requisito de acesso,p.6,JACQUELINE NARCISO BASTOS,"Não colocar ""Conclusão do Ensino Fundamental (ou equivalente legalmente reconhecido).""",Substituir por : Ensino Fundamental Completo,,
10,Subitem IV. 10,Legislação,p.6,JACQUELINE NARCISO BASTOS,"A legislação está incompleta e com citação errada, precisa pedir para a biblioteca corrigir depois de completar. De onde a IA copiou? Porque o PPC da ADM antigo e do Lazer estão bem mais completos.","Copiar e incluir a legislação educacional (não a legislação técnica)do PPC do Lazer, item 10 - é bastante coisa, tem de conferir depois que copiar no sutítulos: Legislação educacional, Educação Inclusiva: Outras Diretrizes Gerais da Educação, Alimentação Escolar ,Acessibilidade,  Nacional e Legislação Interna . E depois checar se estão todas que constam np formulário para os cursos técnicos do CEPE (lá tem algumas).",,
13,Subitem IV 13.1 e 13.2,Objetivo geral e específico,p.9,JACQUELINE NARCISO BASTOS,"Incluí pequenas sugestões de texto nos itens 13.1 e 13.2 hoje lá no texto da Fabi, no drive dela (deixei em azul). Esperar ela ler e incluir aqui se estiver ok. Observei que o texto que está no item 13.2 ainda não é o da Fabi.",Copiar literalmente o texto do drive da Fabi (já incluí lá em azul para ela ler).,,
3,"Sbitens IV, 13, 15",,pp. 9 e 10,JACQUELINE NARCISO BASTOS,Dúvida: o PDF já está atualizado com os textos da Fabi?," Dei uma sugestões no texto da Fabi hoje, se ela concordar, precisa autalizar o texto no PDF.",Documento atualizado. Os textos dos Subitens 10 a 16 correspondem exatamente à versão consolidada que a Profa. Fabiana trabalhou e disponibilizou na etapa prévia. A Metodologia (Subitem 17) foi revisada e saneada para 100% de aderência ao curso de Administração.,Concluído
,V – ESTRUTURA CURRICULAR DO CURSO,,,,,,,
1,Subitem V.3.1 (Ementa 7),Notação de Semestres (LPL Ano 1),p. 18,ANDRE LUIZ SILVA DE MORAES,"Rasura no documento docente indicando ""1º e 1º semestre"" para a UC de Língua Portuguesa — Ano 1.","Decodificação e correção para ""1º e 2º semestres"" (Ano 1, 80h anuais), mantendo a proporcionalidade do curso.",,Concluído
2,Subitem V.2.2 & V.3.2 (Ementa 36),Matriz Curricular (Matemática p/ Adm),p. 7 / p. 48,ANDRE LUIZ SILVA DE MORAES,"UC ""Matemática para Administração"" (40h) posicionada erroneamente na tabela do 1º Ano da Formação Geral.",Realocação da UC para a tabela do 2º Ano (3º semestre / Formação Específica) em sintonia com a matriz de referência.,,Concluído
3,Subitem V.2.4,Cálculo de Subtotais e Síntese da Matriz,p. 6-11,ANDRE LUIZ SILVA DE MORAES,"Subtotal de Formação Geral do 1º Ano estava calculado como 840h em vez de 880h, propagando erro na síntese final.","Recálculo do subtotal (880h) e atualização da síntese: Formação Geral (2.280h), Técnica (680h), Politécnico (240h), Total 3.200h.",,Concluído
4,Subitem V.3,Bibliografia Fantasma / Truncada,p. 12-68,ANDRE LUIZ SILVA DE MORAES,"Inserção de linhas fantasma (""3º título pendente"") na Bibliografia Complementar em UCs com menos de 3 obras na fonte.","Remoção dos placeholders excedentes nas tabelas TeX, espelhando estritamente os títulos reais existentes na fonte.",,Concluído
5,Subitem V.3.1,Desmembramento de UCs (Formação Geral),p. 12-68,ANDRE LUIZ SILVA DE MORAES,Quantitativo de blocos ementários divergente da matriz (Espanhol sem desmembramento por ano; Geografia/História desalinhadas).,"Desmembramento de Espanhol em 2 blocos (Ano 1/2), Geografia em 2 blocos (Ano 1/3) e História em 2 blocos (Ano 2/3), alinhando a matriz para 45 UCs.",,Concluído
6,Sumário (\tableofcontents),Sumário PDF e Navegação Interativa,p. 1,ANDRE LUIZ SILVA DE MORAES,O sumário do PDF compilado (\tableofcontents) não permitia o clique direto para saltar até as seções e ementas.,"Configuração do pacote hyperref (hypersetup) na classe ifsc-ppc.cls, ativando hiperlinks no sumário e bookmarks no PDF.",,Concluído
7,Subitem V.2 & V.3,"Alinhamento de Semestres (Física, Química, Gestão de Operações, Biologia)","p. 6-11, 12-68",ANDRE LUIZ SILVA DE MORAES,"Ambiguidade de redação nos semestres das ementas (Física III constando como 4º/5º, Química II como 2º/3º, Química III como 1º, Gestão de Operações como 4º/5º e Biologia 3 como 1º/2º).","Correção dos cabeçalhos para os semestres reais: Física III (5º/6º sem - 80h), Química II (3º/4º sem - 80h), Química III (5º sem - 40h), Gestão de Operações (3º/4º sem - 80h) e Biologia 3 (5º/6º sem - 80h).",,Concluído
8,Subitem V.2.3 & V.3.3,Consolidação da Oficina de Integração I e Carga Horária da Oficina II,"p. 7, p. 11, p. 55",ANDRE LUIZ SILVA DE MORAES,"Duplicidade de documento ementário para Oficina de Integração I (""Ano 2"" e ""Semestre 4 e 5""); e Oficina II constando com 80h na matriz do 3º Ano.",Descarte do bloco duplicado e consolidação da Oficina I em ementa única de 80h no Ano 2 (3º/4º sem); e atualização da CH da Oficina II para 160h no Ano 3 (5º/6º sem).,,Concluído
9,Subitem V.3,Ordenação Cronológica do Ementário (Alinhamento com a Matriz Curricular),p. 12-68,ANDRE LUIZ SILVA DE MORAES,"As ementas visuais estavam agrupadas por disciplina (ex: Artes 1 e 2 juntas, LPL 1, 2 e 3 juntas), divergindo da ordem da Matriz Curricular Detalhada por Anos.","Reordenação sequencial exata das 45 ementas no .tex e .md seguindo o 1º Ano (Ementas 1–17), 2º Ano (Ementas 18–33) e 3º Ano (Ementas 34–45).",,Concluído
10,Subitem V.3.1 (Ementas 3 e 20),Ementário (Inglês Anos 1 e 2),"p. 14, p. 28",ANDRE LUIZ SILVA DE MORAES,"Pendência de preenchimento dos Objetivos, Conteúdos, Metodologia e Bibliografias nas 2 UCs de Inglês.",Inclusão integral das ementas enviadas no Markdown master e no arquivo .tex oficial.,,Concluído
11,"Subitem V.3.1 (Ementas 4, 21 e 34)","Ementário (LPL Anos 1, 2 e 3 — Proff. Karyna e Sandra)","p. 15, p. 29, p. 50",ANDRE LUIZ SILVA DE MORAES,"Validação dos conteúdos, 10h de CH Prática e referências bibliográficas atualizadas das 3 UCs de Língua Portuguesa e Literatura.",Consolidação integral e conferência nos arquivos .tex e .md master com compilação limpa do PDF.,,Concluído
12,Subitem V.3.2 (Ementa 31),Ementário (Empreendedorismo I — Diretrizes IFSC),p. 46,ANDRE LUIZ SILVA DE MORAES,"Pendência de preenchimento dos Objetivos, Conteúdos com temáticas transversais, Metodologia (LINEDS/PBL) e Bibliografias NBR 6023.","Inclusão completa da ementa com modelo Business Model Canvas, temáticas transversais obrigatórias e acervo bibliográfico.",,Concluído
13,Subitem V.3.2 (Auditoria Geral),Ementário Geral (45 UCs),pp. 12–56,ANDRE LUIZ SILVA DE MORAES,"Presença de marcadores pendentes e ausência de Objetivos/Conteúdos nas UCs de Geografia I/III, Marketing I/II e Gestão Financeira.","Preenchimento e saneamento de 100% das 45 UCs do ementário, eliminando todos os pendentes e compilando o PDF oficial.",,Concluído
14,Subitem V.3.1 (Ementa 8),Ementário (Matemática Ano 1 — Formatação),p. 19,ANDRE LUIZ SILVA DE MORAES,Falha de formatação com asteriscos residuais (*Parte I...**) e desalinhamento de numeração bibliográfica.,Correção para comandos nativos TeX (\textbf{}) no código .tex e inclusão de marcadores de tópicos no Markdown master.,,Concluído
15,Subitem V.3.1 (Ementário Geral),Ementário (Remoção de Numeração Manual e Notas),pp. 8–95,ANDRE LUIZ SILVA DE MORAES,"Presença de numeração sequencial (1., 2.) nas referências e nota interna editorial de confirmação de ementa.",Remoção da numeração sequencial de todas as bibliografias e exclusão da nota editorial em Responsabilidade Socioambiental.,,Concluído
16,V – ESTRUTURA CURRICULAR DO CURSO,Ementário das UCs (Bibliografias Básica e Complementar — ABNT),pp. 11–101,BIBLIOTECA / ANDRE LUIZ SILVA DE MORAES,Inconsistências ABNT NBR 6023 nas ementas: (1) subtítulos de obras em negrito após dois pontos; (2) iniciais de autores capturadas na tag de negrito; (3) ausência de itálico na expressão et al..,Padronização ABNT NBR 6023 em todas as 283 referências das 45 UCs: negrito restrito exclusivamente ao título principal (subtítulo normal após ':'); correção das iniciais de autores; itálico aplicado estritamente à locução et al..,,Concluído
17,TODAS AS SEÇÕES (I A X),Estrutura e Nomenclatura das Seções (Modelo Oficial IFSC),pp. 1–106,ANDRE LUIZ SILVA DE MORAES,"Divergências na nomenclatura de títulos, numeração de seções e omissão dos subitens 15 (Outras características do egresso) e 21 (Atividade em EaD) em relação ao modelo oficial do IFSC.","Reestruturação integral com 100% de fidelidade ao modelo oficial do Google Docs: 10 Macroseções Romanas (I a X), 30 Subitens Arábicos Contínuos (1 a 30), inclusão dos subitens 15 e 21 e títulos padronizados.",,Concluído
18,Sbitem V. 18.1 e 18.2,Matriz curricular detalhada,"pp.13, 14,15,16",JACQUELINE NARCISO BASTOS,"A separação do NP, as somas não parecem corretas, é preciso conferir com a Fabi - Os totais da Formação geral e do curso estão errados nas tabelas, está  2280h e  3080h e, os corretos são  2320h e 3120h, certo?","Sugestão deixar as unidades curriculares lançadas por ano, sem essa soma separada nas tabelas. O PPC de Lazer não tem isso e achei bom. O que acham? No quadro de síntese e no quadro da matriz curricular resumida,  confeirir  e corrigir a soma da formação geral, 2320h, e 800h formação técnica. ",,
18,Subitem V.18.1,Matriz Curricular Resumida (Distribuição por Blocos),p. 8,ANDRE LUIZ SILVA DE MORAES,Tabela excedendo a margem direita da página (Overfull hbox de 83.8pt) devido ao uso de tabular rígido sem delimitação de largura.,"Substituição por ambiente tabularx com largura delimitada em \linewidth, tipografia \small e aplicação do padrão visual institucional (ifscgreen e cinzaTabela).",,Concluído
17,Subitem 17,Metodologia,"pp.11, 12 e 13",JACQUELINE NARCISO BASTOS,Dúvida: o texto que está no item 17 foi copiado do PPC anterior? Está estranho. ,"Verificar se atende demanda do revisor.  Hoje li o texto  que foi colocado no PPC depois,  copiado do drive da Fabi, e está joia, resolvido (André, não sabia onde escrever isso na planilha, então escrevi aqui.)","Não foi copiado do PPC anterior. O texto do Subitem 17 foi construído para atender à Resolução CONSUP 142/2025, trazendo a fundamentação da Pedagogia Histórico-Crítica (Saviani), a concepção de omnilateralidade e a metodologia de Ciclos Temáticos (Silva, 2016) para as Oficinas de Integração I e II (Núcleo Politécnico Comum). O texto foi revisado e saneado para a área de Administração.        ",Concluído
18,Subitem 18,Matriz curricular,p.13,JACQUELINE NARCISO BASTOS,"Importante incluir um texto, mesmo simples na abertura deste item .","Escrevi  um texto pequeno de sugestão no drive da Fabi. André, você pode copiar de lá para o PPC?",,
21,Subitem V 21,Atividade em EAD,p.110,JACQUELINE NARCISO BASTOS,"Dúvida: no PPC antigo, se eu não estiver enganada, havia uma observação sobre a possibilidade de uma porcentagem de 20% em EAD. ","""Ajustado no texto. Mantida a definição de curso presencial (0h de EaD fixa na matriz), porém com a inclusão da cláusula regulamentar do RDP/IFSC que faculta o desenvolvimento de até 10% da carga horária das UCs em atividades não presenciais mediadas pelo AVA Moodle.   Jacque escreve: André e colegas, conferi e a RESOLUÇÃO CEPE/IFSC Nº 72 DE 22 DE OUTUBRO DE 2020 mantêm até 20% para os técnicos, mas no caso dos integrados defendemos não ter EAD. Então penso que devemos escrever neste item do PPC apenas  ""Não se aplica"", como está no curso de Lazer e retirar o que está escrito neste item.  ","Andrá escrevi em negrito na coluna anterior depois que você escreveu concluído, não sabia onde escrever para vc ver....Peço que releia.",Concluído
23,Suitens V 23 e 24,Atendimento e acompanhmento ao discente e validação,pp.110,JACQUELINE NARCISO BASTOS,"Não estão no PDF os textos do PPC antigo. Está resumido de uma forma estranha. André, depois que você copiou de novo o texto, eu li e achei melhor o texto do item 23  do PPC do Lazer. Sobre o item 24, depois que você restaurou está com informação errada eno primiero paragráfo. ","Restaurar o texto completo e detalhado do Câmpus Garopaba e do RDP para Atendimento ao Discente (Coordenadoria Pedagógica, PEDi, NAE/AEE, PAEVS) e Aproveitamento de Conhecimentos. André, depois que vc restaurou, eu li o texto e acho melhor substituir pelo texto completo do item 23 do PPC do Lazer. Já no item 24,  os dois parágrafos que estão neste PPC estão com informações erradas, precisa retirá-los. Minha sugestão é colocar o que está no PPC do Lazer, somente a frase ""Os critérios de aproveitamento de conhecimentos e experiências anteriores serão 
aplicados conforme o Regulamento Didático Pedagógico vigente."" ","Texto completo restaurado. Substituído o resumo preliminar pela redação institucional integral do Câmpus Garopaba e do RDP, detalhando a atuação da Coordenadoria Pedagógica, concessão de PEDi (Plano de Estudo Diferenciado), NAE/AEE para Educação Especial, PAEVS e os critérios regimentais de validação de saberes e aproveitamento de estudos.	",Concluído
24,Subitem 18.2,Matriz curricular,"p. 14,15 e 16",JACQUELINE NARCISO BASTOS,"CH errada da OI na tabela do 3º ano, está 160h, mas são 80h. Em função disso, as somas do total do núcleo politécnico e total do curso, também precisam ser alteradas, formação técnica são 800h e formação geral 2320h. O quadro de síntese também está com o valor erra, está 3080h, mas são 3120h (soma dos anos 1120+ 1120+ 880= 3120h) ","Substituição por 80h e correção das demais somas que citei nessas páginas. Ementa, p. 102, também precisa ser corrigida para 80h.","André, continua errado no PPC.",Concluído
25,"Seções IV, V & IX (Subitens 10, 11, 13, 15, 17 e 29)",Destaque Visual em Azul das Seções Iniciais e Metodológicas,"pp. 6–10, 106",ANDRE LUIZ SILVA DE MORAES,"Textos conceituais da reformulação (justificativa socioeconômica regional, objetivos formativos da Res. 142/2025, perfil CNCT 4ª ed., 9 características socioemocionais do egresso e metodologia de ciclos temáticos/omnilateralidade) não estavam marcados em azul para visualização dos revisores.","Aplicação da macro \revisao{...} em todos os parágrafos, listas de competências e fundamentações conceituais introduzidas na reformulação de 2026.","Destaque em azul concluído. Todos os blocos textuais, dados socioeconômicos regionais (IBGE), competências do egresso, fundamentação na Pedagogia Histórico-Crítica (Saviani) e Ciclos Temáticos (Silva, 2016) foram marcados em azul no PDF para facilitar a conferência pelos pares.",Concluído
26,"Seção IV & V (Subitens 7, 18.1, 18.2, 19 e 22)",Correção da CH da Oficina de Integração II e Recálculo da Matriz Geral Conforme Planilha Oficial,"pp. 2, 8, 11, 102, 104",JACQUELINE NARCISO BASTOS / COMISSÃO,"CH da Oficina de Integração II constando erroneamente como 160h na tabela do 3º ano e na ementa, gerando divergência nas somas do Núcleo Politécnico, Formação Técnica e Total Geral do Curso.","Ajuste da CH da Oficina de Integração II para 80h na matriz do 3º ano e na ementa (p. 102), com harmonização integral de todos os somatórios com a planilha oficial de aulas/semestres da matriz: Formação Geral (2.280h / 74,03%), Formação Técnica (640h / 20,78%), Núcleo Politécnico (160h / 5,19%) e Total Geral do Curso (3.080h / 100,0%).","Carga horária e somatórios 100% harmonizados com a planilha oficial. Ajustada a CH da Oficina de Integração II para 80h (tabela do 3º ano e ementa da Tabela 45). Atualizados todos os quadros do PPC: Dados do Curso (Item 7 com 3.080h), Matriz Resumida (Item 18.1 com 2.280h FG + 640h FT + 160h NP), Matriz Detalhada do 3º Ano (Item 18.2 com subtotal de 880h), Quadro Síntese Final e Certificações (Item 22), consolidando o curso com 3.080h totais (1.120h 1º ano + 1.120h 2º ano + 880h 3º ano), com todas as alterações destacadas em azul para conferência pelos pares.",Concluído
,VI – AVALIAÇÃO E ACOMPANHAMENTO DO PPC,,,,,,,
,Subitem VI.1,Monitoramento e Dashboard Web,Web,ANDRE LUIZ SILVA DE MORAES,Necessidade de ambiente visual centralizado para acompanhamento do progresso de revisão pelas comissões e NDE.,Deploy e sincronização contínua do dashboard web no GitHub Pages (https://chameoandre.github.io/reformulacao-ppc-ifsc-2026/).,,Concluído
2,Subitem VI.2,Sistema de Autoavaliação do Curso,p. 69,ANDRE LUIZ SILVA DE MORAES,Definição dos instrumentos e periodicidade de autoavaliação do curso junto a alunos e professores.,Inclusão do cronograma e diretrizes de acompanhamento permanente pelo NDE.,,Concluído
3,Subitem VI 25,Avaliação do processo de ensino e aprendizagem,p.111,JACQUELINE NARCISO BASTOS,"Não estão no PDF os textos do PPC antigo, está estranho.  Também observei que não exite o subitem 25.1 no formulário novo do CEPE. André, depois que você leu o que escrevi aqui e incluiu o texto com a IA, não está completo. O texto do Lazer neste item 25 está bem melhor.","Restaurar o texto completo institucional do Câmpus Garopaba e do RDP para Atendimento ao Discente, Aproveitamento de Conhecimentos e Avaliação da Aprendizagem, além de remover a subdivisão 25.1 para adequação estrita ao formulário do CEPE.  André, depois que você restaurou o texto no item 25 com a IA, eu li. O texto do item 25 do PPC do Lazer está mais completo, favor substituir o atual texto deste item pelo texto integral do item 25 do PPC do Lazer, sem adpatações da IA.       ","Texto integral restaurado e formulário CEPE adequado. Restaurada a redação institucional completa com detalhamento da Coordenadoria Pedagógica, PEDi (Art. 18 RDP / NT 01/2016), NAE/AEE, PAEVS, validação de estudos por bancas, avaliação formativa (Art. 96 RDP), devolução em 15 dias e recuperação paralela (Art. 98). A subdivisão 25.1 foi removida em conformidade com o novo formulário do CEPE, integrando a autoavaliação e a CPA diretamente ao corpo do Subitem 25.",Concluído
,VII – INFRAESTRUTURA E RECURSOS,,,,,,,
2,Subitem VII.1,27. Biblioteca,p. 70,DAVID MILHOMENS,Validação da aderência dos títulos indicados nas bibliografias ao acervo físico/digital da biblioteca do Câmpus Garopaba.,"Vinculada ao Sistema de Bibliotecas Integradas do IFSC (SiBI/IFSC), formalizado pela Resolução Nº025/2018/CEPE, de 15 de março de 2018, a biblioteca dispõe de boa estrutura física, totalizando 233,52 m², dividida nas seguintes salas temáticas: sala para pesquisa virtual e acesso à internet com onze computadores; uma sala de estudo individual e uma sala de processamento técnico. No hall de entrada, conta com balcão de empréstimo e mesas para estudo em grupo. Seu quadro de servidores é composto atualmente por um Bibliotecário-Documentalista e duas Auxiliares de Biblioteca.
A Sala de Pesquisa Virtual, possui onze mesas, cadeiras e computadores com acesso à internet e programas instalados para uso dos estudantes e da comunidade externa, dando apoio às atividades de Ensino, Pesquisa e Extensão.
O espaço do acervo conta com seis mesas redondas, duas retangulares e com o total de trinta e dois assentos para estudos em grupo. A Sala de Estudos Individuais atualmente conta com duas  mesas quadradas e quinze cadeiras.
A biblioteca possui acesso ao wifi da rede do campus, tem boa iluminação e conta com climatização no salão, no espaço do acervo físico e na sala de processamento técnico. 
A formação do acervo visa contemplar materiais relevantes que permitam dar suporte às atividades de ensino, pesquisa e extensão, bem como às atividades técnico-administrativas executadas na instituição. São considerados também os interesses e as necessidades informacionais dos usuários da biblioteca. Para este curso, a biblioteca possui 90% da bibliografia das unidades curriculares no acervo físico e as obras faltantes estão em processo de compra.
O acesso para todos os estudantes aos espaços e materiais é livre e a biblioteca atende de segunda a sexta-feira, por no mínimo 12 horas por dia, sendo que os horários estão fixados na porta de entrada e divulgados no site.
O empréstimo dos materiais do acervo físico é realizado por meio do sistema de gerenciamento eletrônico de bibliotecas, Sophia disponível no site https://biblioteca.ifsc.edu.br/. Os estudantes podem retirar empréstimos de até 10 livros e renovar a cada 15 dias ou até que outro estudante reserve o mesmo livro.
Para acessar o acervo virtual o estudante ou servidor necessita solicitar cadastro na biblioteca e terá acesso liberado em até 48h no Minha Biblioteca. 
Para mais informações sobre os serviços ofertados pelo Sistemas de Bibliotecas do IFSC (SiBI), consulte o site: https://www.ifsc.edu.br/en/web/campus-garopaba/bibliotecas 
","Caracterização oficial da Biblioteca inserida. Inserido o texto institucional completo no Subitem 27 (Biblioteca), descrevendo as salas temáticas, equipamentos, 32 assentos para estudo em grupo, equipe de servidores, cobertura de 90% dos títulos em acervo físico e 100% via Minha Biblioteca/Pearson, sistema Sophia e atendimento de 12h diárias, devidamente destacado em azul para conferência pelos revisores.",Concluído
1,Subitem VII.2,Laboratórios e Equipamentos,p. 70,FABIANA DE AGAPITO KANGERSKI,"Mapeamento dos laboratórios de informática, salas multidisciplinares e softwares para as práticas do curso.",Descrição das especificações técnicas dos laboratórios de informática e espaços multiuso.,,Concluído
3,,,,,,,,
,VIII – CORPO DOCENTE E TÉCNICO-ADMINISTRATIVO,,,,,,,
1,Subitem VIII.1,Quadro de Docentes Responsáveis,p. 71,ANDRE LUIZ SILVA DE MORAES,Mapeamento e atribuição das UCs aos docentes especialistas das áreas da Formação Geral e Formação Específica.,Atualização dos docentes responsáveis por cada bloco ementário no acompanhamento da comissão.,,Concluído
2,Subitem VIII.2,Titulação e Regime de Trabalho,p. 71,ANDRE LUIZ SILVA DE MORAES,"Consolidação do quadro docente com titulação (especialistas, mestres e doutores) e regime de dedicação exclusiva.",Inclusão da tabela com a titulação e qualificação dos docentes atuantes no curso.,,Concluído
3,,,,,,,,
,IX – REFERÊNCIAS NORMATIVAS,,,,,,,
1,Subitem IX.1,Resolução CONSUP/IFSC nº 142/2025,p. 72,ANDRE LUIZ SILVA DE MORAES,Garantia de conformidade das matrizes dos cursos técnicos integrados às novas diretrizes institucionais de 2025/2026.,Adequação das proporções de carga horária e percentuais da formação geral e profissional à Resolução 142/2025.,,Concluído
2,Subitem IX.2,Diretrizes Curriculares Nacionais (DCNTP),p. 72,ANDRE LUIZ SILVA DE MORAES,Adequação do plano às DCNs da Educação Profissional e Tecnológica (Resolução CNE/CP nº 1/2021).,Inclusão da fundamentação legal nacional e resoluções do CNE no capítulo final do PPC.,,Concluído
3,,,,,,,,
,X – BASE DE CONHECIMENTO E REPLICAÇÃO,,,,,,,
26,BASE DE CONHECIMENTO GERAL,Documentação e Consolidação das Diretrizes dos PPCs,--,ANDRE LUIZ SILVA DE MORAES,"Necessidade de centralizar e padronizar as regras de formatação, manipulação de texto, arquitetura da macro de revisão e diretrizes bibliográficas para reaproveitamento nos demais PPCs do Câmpus (ex.: Técnico em Informática).",Criação de documento específico para o mecanismo de revisão e atualização das diretrizes bibliográficas (Sophia Web/FBN) e da estrutura canônica de 30 subitens da Res. CONSUP 142/2025.,"Base de conhecimento atualizada e consolidada. Criado o guia mecanismo-revisao-destaque-azul.md e atualizadas as diretrizes ABNT/FBN e o padrão oficial de seções, assegurando que toda a engenharia pedagógica e tipográfica esteja pronta para ser replicada em outros PPCs.",Concluído